GROUP,PACKAGE,CLASS,INSTRUCTION_MISSED,INSTRUCTION_COVERED,BRANCH_MISSED,BRANCH_COVERED,LINE_MISSED,LINE_COVERED,COMPLEXITY_MISSED,COMPLEXITY_COVERED,METHOD_MISSED,METHOD_COVERED
Parameters for Java,uk.co.spudsoft.params4j,SecretsSerializer,3,20,1,3,1,7,1,4,0,3
Parameters for Java,uk.co.spudsoft.params4j,ConfigurationProperty.Builder,0,46,0,0,0,13,0,7,0,7
Parameters for Java,uk.co.spudsoft.params4j,ConfigurationProperty,4,142,2,18,0,35,2,12,0,4
Parameters for Java,uk.co.spudsoft.params4j,FileType,0,69,0,0,0,10,0,4,0,4
Parameters for Java,uk.co.spudsoft.params4j,Params4J,0,4,0,0,0,1,0,1,0,1
Parameters for Java,uk.co.spudsoft.params4j,SecretsSerializer.DisablingSecretsSerializerAnnotationInspector,0,22,1,3,0,5,1,2,0,1
Parameters for Java,uk.co.spudsoft.params4j.impl,SystemPropertiesGatherer,5,34,0,2,2,9,1,3,1,2
Parameters for Java,uk.co.spudsoft.params4j.impl,CommandLineArgumentsGatherer,0,82,0,6,0,16,0,6,0,3
Parameters for Java,uk.co.spudsoft.params4j.impl,FileWatcher,7,129,3,11,4,34,3,9,0,5
Parameters for Java,uk.co.spudsoft.params4j.impl,SecretsWalker,34,200,2,14,5,44,3,12,1,6
Parameters for Java,uk.co.spudsoft.params4j.impl,ResourceGatherer,0,32,0,0,0,8,0,3,0,3
Parameters for Java,uk.co.spudsoft.params4j.impl,SecretsGatherer,6,69,0,2,2,18,0,5,0,4
Parameters for Java,uk.co.spudsoft.params4j.impl,EnvironmentVariablesGatherer,6,68,0,6,2,15,1,5,1,2
Parameters for Java,uk.co.spudsoft.params4j.impl,Params4JImpl,99,989,23,93,17,199,24,69,1,34
Parameters for Java,uk.co.spudsoft.params4j.impl,MixIn,0,9,0,0,0,4,0,1,0,1
Parameters for Java,uk.co.spudsoft.params4j.impl,DefaultParametersErrorHandler,52,101,0,4,4,14,2,8,2,6
Parameters for Java,uk.co.spudsoft.params4j.impl,Params4JImpl.PropertyState,0,12,0,0,0,5,0,1,0,1
Parameters for Java,uk.co.spudsoft.params4j.impl,Params4JFactoryImpl,42,97,0,0,5,23,5,11,5,11
Parameters for Java,uk.co.spudsoft.params4j.impl,JavadocCapturer,13,330,9,55,4,70,9,30,0,7
Parameters for Java,uk.co.spudsoft.params4j.impl,DirGatherer,6,100,2,10,2,20,2,7,0,3
